Name,Geography Type,Year,Resident Population,Percent Change in Resident Population,Resident Population Density,Resident Population Density Rank,Number of Representatives,Change in Number of Representatives,Average Apportionment Population Per Representative
ALABAMA,State,1910,2138093.00,16.9,42.2,25,10,1,"213,809"
ALASKA,State,1910,64356.00,1.2,0.1,52,,,
ARIZONA,State,1910,204354.00,66.2,1.8,49,,,
ARKANSAS,State,1910,1574449.00,20,30.3,30,7,0,"224,921"
CALIFORNIA,State,1910,2377549.00,60.1,15.3,38,11,3,"216,051"
COLORADO,State,1910,799024.00,48,7.7,42,4,1,"199,643"
CONNECTICUT,State,1910,1114756.00,22.7,230.2,6,5,0,"222,951"
DELAWARE,State,1910,202322.00,9.5,103.8,11,1,0,"202,322"
DISTRICT OF COLUMBIA,State,1910,331069.00,18.8,"5,423.10",1,,,
FLORIDA,State,1910,752619.00,42.4,14,40,4,1,"188,155"
GEORGIA,State,1910,2609121.00,17.7,45.4,23,12,1,"217,427"
HAWAII,State,1910,191909.00,24.6,29.9,31,,,
IDAHO,State,1910,325594.00,101.3,3.9,46,2,1,"161,720"
ILLINOIS,State,1910,5638591.00,16.9,101.6,12,27,2,"208,837"
INDIANA,State,1910,2700876.00,7.3,75.4,13,13,0,"207,760"
IOWA,State,1910,2224771.00,-0.3,39.8,26,11,0,"202,252"
KANSAS,State,1910,1690949.00,15,20.7,35,8,0,"211,369"
KENTUCKY,State,1910,2289905.00,6.6,58,14,11,0,"208,173"
LOUISIANA,State,1910,1656388.00,19.9,38.3,29,8,1,"207,049"
MAINE,State,1910,742371.00,6.9,24.1,33,4,0,"185,593"
MARYLAND,State,1910,1295346.00,9,133.4,9,6,0,"215,891"
MASSACHUSETTS,State,1910,3366416.00,20,431.6,3,16,2,"210,401"
MICHIGAN,State,1910,2810173.00,16.1,49.7,19,13,1,"216,167"
MINNESOTA,State,1910,2075708.00,18.5,26.1,32,10,1,"207,438"
MISSISSIPPI,State,1910,1797114.00,15.8,38.3,28,8,0,"224,639"
MISSOURI,State,1910,3293335.00,6,47.9,21,16,0,"205,833"
MONTANA,State,1910,376053.00,54.5,2.6,48,2,1,"183,169"
NEBRASKA,State,1910,1192214.00,11.8,15.5,37,6,0,"198,702"
NEVADA,State,1910,81875.00,93.4,0.7,51,1,0,"80,293"
NEW HAMPSHIRE,State,1910,430572.00,4.6,48.1,20,2,0,"215,286"
NEW JERSEY,State,1910,2537167.00,34.7,345,4,12,2,"211,431"
NEW MEXICO,State,1910,327301.00,67.6,2.7,47,,,
NEW YORK,State,1910,9113614.00,25.4,193.4,7,43,6,"211,836"
NORTH CAROLINA,State,1910,2206287.00,16.5,45.4,22,10,0,"220,629"
NORTH DAKOTA,State,1910,577056.00,80.8,8.4,41,3,1,"191,468"
OHIO,State,1910,4767121.00,14.7,116.7,10,22,1,"216,687"
OKLAHOMA,State,1910,1657155.00,109.7,24.2,33,8,8,"207,144"
OREGON,State,1910,672765.00,62.7,7,44,3,1,"224,255"
PENNSYLVANIA,State,1910,7665111.00,21.6,171.3,8,36,4,"212,920"
PUERTO RICO,State,1910,1118012.00,17.3,326.5,5,,,
RHODE ISLAND,State,1910,542610.00,26.6,524.9,2,3,1,"180,870"
SOUTH CAROLINA,State,1910,1515400.00,13.1,50.4,18,7,0,"216,486"
SOUTH DAKOTA,State,1910,583888.00,45.4,7.7,42,3,1,"191,892"
TENNESSEE,State,1910,2184789.00,8.1,53,15,10,0,"218,479"
TEXAS,State,1910,3896542.00,27.8,14.9,39,18,2,"216,475"
UTAH,State,1910,373351.00,34.9,4.5,45,2,1,"185,932"
VERMONT,State,1910,355956.00,3.6,38.6,27,2,0,"177,978"
VIRGINIA,State,1910,2061612.00,11.2,52.2,16,10,0,"206,161"
WASHINGTON,State,1910,1141990.00,120.4,17.2,36,5,2,"228,027"
WEST VIRGINIA,State,1910,1221119.00,27.4,50.8,17,6,1,"203,520"
WISCONSIN,State,1910,2333860.00,12.8,43.1,24,11,0,"212,078"
WYOMING,State,1910,145965.00,57.7,1.5,50,1,0,"144,658"
MIDWEST REGION,Region,1910,29888542.00,13.5,,,,,
NORTHEAST REGION,Region,1910,25868573.00,22.9,,,,,
SOUTH REGION,Region,1910,29389330.00,19.8,,,,,
WEST REGION,Region,1910,7082086.00,64.4,,,,,
UNITED STATES,Nation,1910,92228531.00,21,26,,433,47,"210,328"
ALABAMA,State,1920,2348174.00,9.8,46.4,25,10,0,"234,817"
ALASKA,State,1920,55036.00,-14.5,0.1,52,,,
ARIZONA,State,1920,334162.00,63.5,2.9,49,1,1,"309,495"
ARKANSAS,State,1920,1752204.00,11.3,33.7,31,7,0,"250,315"
CALIFORNIA,State,1920,3426861.00,44.1,22,35,11,0,"311,457"
COLORADO,State,1920,939629.00,17.6,9.1,42,4,0,"234,790"
CONNECTICUT,State,1920,1380631.00,23.9,285.1,6,5,0,"276,126"
DELAWARE,State,1920,223003.00,10.2,114.4,12,1,0,"223,003"
DISTRICT OF COLUMBIA,State,1920,437571.00,32.2,"7,167.60",1,,,
FLORIDA,State,1920,968470.00,28.7,18.1,38,4,0,"242,118"
GEORGIA,State,1920,2895832.00,11,50.4,21,12,0,"241,319"
HAWAII,State,1920,255912.00,33.4,39.8,28,,,
IDAHO,State,1920,431866.00,32.6,5.2,46,2,0,"215,221"
ILLINOIS,State,1920,6485280.00,15,116.8,11,27,0,"240,196"
INDIANA,State,1920,2930390.00,8.5,81.8,13,13,0,"225,415"
IOWA,State,1920,2404021.00,8.1,43,26,11,0,"218,547"
KANSAS,State,1920,1769257.00,4.6,21.6,36,8,0,"221,157"
KENTUCKY,State,1920,2416630.00,5.5,61.2,15,11,0,"219,694"
LOUISIANA,State,1920,1798509.00,8.6,41.6,27,8,0,"224,814"
MAINE,State,1920,768014.00,3.5,24.9,34,4,0,"192,004"
MARYLAND,State,1920,1449661.00,11.9,149.3,9,6,0,"241,610"
MASSACHUSETTS,State,1920,3852356.00,14.4,493.9,3,16,0,"240,772"
MICHIGAN,State,1920,3668412.00,30.5,64.9,14,13,0,"282,186"
MINNESOTA,State,1920,2387125.00,15,30,32,10,0,"238,566"
MISSISSIPPI,State,1920,1790618.00,-0.4,38.2,29,8,0,"223,827"
MISSOURI,State,1920,3404055.00,3.4,49.5,22,16,0,"212,753"
MONTANA,State,1920,548889.00,46,3.8,47,2,0,"270,756"
NEBRASKA,State,1920,1296372.00,8.7,16.9,40,6,0,"216,062"
NEVADA,State,1920,77407.00,-5.5,0.7,51,1,0,"75,820"
NEW HAMPSHIRE,State,1920,443083.00,2.9,49.5,22,2,0,"221,542"
NEW JERSEY,State,1920,3155900.00,24.4,429.1,4,12,0,"262,992"
NEW MEXICO,State,1920,360350.00,10.1,3,48,1,1,"353,428"
NEW YORK,State,1920,10385227.00,14,220.4,7,43,0,"241,409"
NORTH CAROLINA,State,1920,2559123.00,16,52.6,20,10,0,"255,912"
NORTH DAKOTA,State,1920,646872.00,12.1,9.4,41,3,0,"214,651"
OHIO,State,1920,5759394.00,20.8,141,10,22,0,"261,791"
OKLAHOMA,State,1920,2028283.00,22.4,29.6,33,8,0,"253,535"
OREGON,State,1920,783389.00,16.4,8.2,44,3,0,"261,130"
PENNSYLVANIA,State,1920,8720017.00,13.8,194.9,8,36,0,"242,223"
PUERTO RICO,State,1920,1299809.00,16.3,379.6,5,,,
RHODE ISLAND,State,1920,604397.00,11.4,584.6,2,3,0,"201,466"
SOUTH CAROLINA,State,1920,1683724.00,11.1,56,19,7,0,"240,532"
SOUTH DAKOTA,State,1920,636547.00,9,8.4,43,3,0,"210,413"
TENNESSEE,State,1920,2337885.00,7,56.7,18,10,0,"233,789"
TEXAS,State,1920,4663228.00,19.7,17.9,39,18,0,"259,068"
UTAH,State,1920,449396.00,20.4,5.5,45,2,0,"224,194"
VERMONT,State,1920,352428.00,-1,38.2,30,2,0,"176,214"
VIRGINIA,State,1920,2309187.00,12,58.5,17,10,0,"230,919"
WASHINGTON,State,1920,1356621.00,18.8,20.4,37,5,0,"270,919"
WEST VIRGINIA,State,1920,1463701.00,19.9,60.9,15,6,0,"243,950"
WISCONSIN,State,1920,2632067.00,12.8,48.6,24,11,0,"239,210"
WYOMING,State,1920,194402.00,33.2,2,50,1,0,"193,487"
MIDWEST REGION,Region,1920,34019792.00,13.8,,,,,
NORTHEAST REGION,Region,1920,29662053.00,14.7,,,,,
SOUTH REGION,Region,1920,33125803.00,12.7,,,,,
WEST REGION,Region,1920,9213920.00,30.1,,,,,
UNITED STATES,Nation,1920,106021568.00,15,29.9,,435,0,"241,864"
ALABAMA,State,1930,2646248.00,12.7,52.3,24,9,-1,"294,027"
ALASKA,State,1930,59278.00,7.7,0.1,52,,,
ARIZONA,State,1930,435573.00,30.3,3.8,47,1,1,"389,375"
ARKANSAS,State,1930,1854482.00,5.8,35.6,32,7,0,"264,921"
CALIFORNIA,State,1930,5677251.00,65.7,36.4,31,20,9,"283,412"
COLORADO,State,1930,1035791.00,10.2,10,41,4,0,"258,712"
CONNECTICUT,State,1930,1606903.00,16.4,331.8,6,6,1,"267,816"
DELAWARE,State,1930,238380.00,6.9,122.3,12,1,0,"238,380"
DISTRICT OF COLUMBIA,State,1930,486869.00,11.3,"7,975.10",1,,,
FLORIDA,State,1930,1468211.00,51.6,27.4,35,5,1,"293,638"
GEORGIA,State,1930,2908506.00,0.4,50.6,26,10,-2,"290,845"
HAWAII,State,1930,368336.00,43.9,57.3,21,,,
IDAHO,State,1930,445032.00,3,5.4,46,2,0,"220,768"
ILLINOIS,State,1930,7630654.00,17.7,137.4,11,27,0,"282,607"
INDIANA,State,1930,3238503.00,10.5,90.4,13,12,-1,"269,873"
IOWA,State,1930,2470939.00,2.8,44.2,28,9,-2,"274,491"
KANSAS,State,1930,1880999.00,6.3,23,38,7,-1,"268,500"
KENTUCKY,State,1930,2614589.00,8.2,66.2,16,9,-2,"290,508"
LOUISIANA,State,1930,2101593.00,16.9,48.6,27,8,0,"262,699"
MAINE,State,1930,797423.00,3.8,25.9,36,3,-1,"265,806"
MARYLAND,State,1930,1631526.00,12.5,168.1,9,6,0,"271,920"
MASSACHUSETTS,State,1930,4249614.00,10.3,544.8,4,15,-1,"283,307"
MICHIGAN,State,1930,4842325.00,32,85.6,14,17,4,"284,827"
MINNESOTA,State,1930,2563953.00,7.4,32.2,34,9,-1,"283,509"
MISSISSIPPI,State,1930,2009821.00,12.2,42.8,29,7,-1,"286,879"
MISSOURI,State,1930,3629367.00,6.6,52.8,23,13,-3,"279,162"
MONTANA,State,1930,537606.00,-2.1,3.7,48,2,0,"262,365"
NEBRASKA,State,1930,1377963.00,6.3,17.9,40,5,-1,"275,025"
NEVADA,State,1930,91058.00,17.6,0.8,51,1,0,"86,390"
NEW HAMPSHIRE,State,1930,465293.00,5,52,25,2,0,"232,646"
NEW JERSEY,State,1930,4041334.00,28.1,549.5,3,14,2,"288,666"
NEW MEXICO,State,1930,423317.00,17.5,3.5,49,1,1,"395,982"
NEW YORK,State,1930,12588066.00,21.2,267.1,7,45,2,"279,733"
NORTH CAROLINA,State,1930,3170276.00,23.9,65.2,17,11,1,"287,934"
NORTH DAKOTA,State,1930,680845.00,5.3,9.9,42,2,-1,"336,670"
OHIO,State,1930,6646697.00,15.4,162.7,10,24,2,"276,943"
OKLAHOMA,State,1930,2396040.00,18.1,34.9,33,9,1,"264,691"
OREGON,State,1930,953786.00,21.8,9.9,42,3,0,"316,793"
PENNSYLVANIA,State,1930,9631350.00,10.5,215.3,8,34,-2,"283,274"
PUERTO RICO,State,1930,1543913.00,18.8,450.9,5,,,
RHODE ISLAND,State,1930,687497.00,13.7,665,2,2,-1,"343,749"
SOUTH CAROLINA,State,1930,1738765.00,3.3,57.8,20,6,-1,"289,793"
SOUTH DAKOTA,State,1930,692849.00,8.8,9.1,44,2,-1,"336,503"
TENNESSEE,State,1930,2616556.00,11.9,63.5,18,9,-1,"290,722"
TEXAS,State,1930,5824715.00,24.9,22.3,39,21,3,"277,362"
UTAH,State,1930,507847.00,13,6.2,45,2,0,"252,871"
VERMONT,State,1930,359611.00,2,39,30,1,-1,"359,611"
VIRGINIA,State,1930,2421851.00,4.9,61.3,19,9,-1,"269,092"
WASHINGTON,State,1930,1563396.00,15.2,23.5,37,6,1,"258,737"
WEST VIRGINIA,State,1930,1729205.00,18.1,71.9,15,6,0,"288,200"
WISCONSIN,State,1930,2939006.00,11.7,54.3,22,10,-1,"293,172"
WYOMING,State,1930,225565.00,16,2.3,50,1,0,"223,630"
MIDWEST REGION,Region,1930,38594100.00,13.4,,,,,
NORTHEAST REGION,Region,1930,34427091.00,16.1,,,,,
SOUTH REGION,Region,1930,37857633.00,14.3,,,,,
WEST REGION,Region,1930,12323836.00,33.8,,,,,
UNITED STATES,Nation,1930,123202660.00,16.2,34.7,,435,27,"280,675"
ALABAMA,State,1940,2832961.00,7.1,55.9,23,9,0,"314,773"
ALASKA,State,1940,72524.00,22.3,0.1,52,,,
ARIZONA,State,1940,499261.00,14.6,4.4,47,2,1,"249,631"
ARKANSAS,State,1940,1949387.00,5.1,37.5,32,7,0,"278,484"
CALIFORNIA,State,1940,6907387.00,21.7,44.3,30,23,3,"300,321"
COLORADO,State,1940,1123296.00,8.4,10.8,42,4,0,"280,824"
CONNECTICUT,State,1940,1709242.00,6.4,353,6,6,0,"284,874"
DELAWARE,State,1940,266505.00,11.8,136.8,12,1,0,"266,505"
DISTRICT OF COLUMBIA,State,1940,663091.00,36.2,"10,861.70",1,,,
FLORIDA,State,1940,1897414.00,29.2,35.4,33,6,1,"316,236"
GEORGIA,State,1940,3123723.00,7.4,54.3,27,10,0,"312,372"
HAWAII,State,1940,423330.00,14.9,65.9,20,,,
IDAHO,State,1940,524873.00,17.9,6.4,46,2,0,"262,437"
ILLINOIS,State,1940,7897241.00,3.5,142.2,11,26,-1,"303,740"
INDIANA,State,1940,3427796.00,5.8,95.7,13,11,-1,"311,618"
IOWA,State,1940,2538268.00,2.7,45.4,29,8,-1,"317,284"
KANSAS,State,1940,1801028.00,-4.3,22,39,6,-1,"300,171"
KENTUCKY,State,1940,2845627.00,8.8,72.1,17,9,0,"316,181"
LOUISIANA,State,1940,2363880.00,12.5,54.7,26,8,0,"295,485"
MAINE,State,1940,847226.00,6.2,27.5,36,3,0,"282,409"
MARYLAND,State,1940,1821244.00,11.6,187.6,9,6,0,"303,541"
MASSACHUSETTS,State,1940,4316721.00,1.6,553.4,4,14,-1,"308,337"
MICHIGAN,State,1940,5256106.00,8.5,93,14,17,0,"309,183"
MINNESOTA,State,1940,2792300.00,8.9,35.1,34,9,0,"310,256"
MISSISSIPPI,State,1940,2183796.00,8.7,46.5,28,7,0,"311,971"
MISSOURI,State,1940,3784664.00,4.3,55.1,24,13,0,"291,128"
MONTANA,State,1940,559456.00,4.1,3.8,49,2,0,"279,728"
NEBRASKA,State,1940,1315834.00,-4.5,17.1,40,4,-1,"328,959"
NEVADA,State,1940,110247.00,21.1,1,51,1,0,"110,247"
NEW HAMPSHIRE,State,1940,491524.00,5.6,54.9,25,2,0,"245,762"
NEW JERSEY,State,1940,4160165.00,2.9,565.7,3,14,0,"297,155"
NEW MEXICO,State,1940,531818.00,25.6,4.4,47,2,1,"265,909"
NEW YORK,State,1940,13479142.00,7.1,286,7,45,0,"299,536"
NORTH CAROLINA,State,1940,3571623.00,12.7,73.5,16,12,1,"297,635"
NORTH DAKOTA,State,1940,641935.00,-5.7,9.3,43,2,0,"320,968"
OHIO,State,1940,6907612.00,3.9,169.1,10,23,-1,"300,331"
OKLAHOMA,State,1940,2336434.00,-2.5,34.1,35,8,-1,"292,054"
OREGON,State,1940,1089684.00,14.2,11.4,41,4,1,"272,421"
PENNSYLVANIA,State,1940,9900180.00,2.8,221.3,8,33,-1,"300,005"
PUERTO RICO,State,1940,1869255.00,21.1,546,5,,,
RHODE ISLAND,State,1940,713346.00,3.8,690,2,2,0,"356,673"
SOUTH CAROLINA,State,1940,1899804.00,9.3,63.2,21,6,0,"316,634"
SOUTH DAKOTA,State,1940,642961.00,-7.2,8.5,44,2,0,"321,481"
TENNESSEE,State,1940,2915841.00,11.4,70.7,18,10,1,"291,584"
TEXAS,State,1940,6414824.00,10.1,24.6,38,21,0,"305,468"
UTAH,State,1940,550310.00,8.4,6.7,45,2,0,"275,155"
VERMONT,State,1940,359231.00,-0.1,39,31,1,0,"359,231"
VIRGINIA,State,1940,2677773.00,10.6,67.8,19,9,0,"297,530"
WASHINGTON,State,1940,1736191.00,11.1,26.1,37,6,0,"289,365"
WEST VIRGINIA,State,1940,1901974.00,10,79.1,15,6,0,"316,996"
WISCONSIN,State,1940,3137587.00,6.8,57.9,22,10,0,"313,759"
WYOMING,State,1940,250742.00,11.2,2.6,50,1,0,"250,742"
MIDWEST REGION,Region,1940,40143332.00,4,,,,,
NORTHEAST REGION,Region,1940,35976777.00,4.5,,,,,
SOUTH REGION,Region,1940,41665901.00,10.1,,,,,
WEST REGION,Region,1940,14379119.00,16.7,,,,,
UNITED STATES,Nation,1940,132165129.00,7.3,37.2,,435,9,"301,164"
ALABAMA,State,1950,3061743.00,8.1,60.5,24,9,0,"340,194"
ALASKA,State,1950,128643.00,77.4,0.2,52,,,
ARIZONA,State,1950,749587.00,50.1,6.6,47,2,0,"374,794"
ARKANSAS,State,1950,1909511.00,-2,36.7,34,6,-1,"318,252"
CALIFORNIA,State,1950,10586223.00,53.3,68,22,30,7,"352,874"
COLORADO,State,1950,1325089.00,18,12.8,42,4,0,"331,272"
CONNECTICUT,State,1950,2007280.00,17.4,414.5,6,6,0,"334,547"
DELAWARE,State,1950,318085.00,19.4,163.2,11,1,0,"318,085"
DISTRICT OF COLUMBIA,State,1950,802178.00,21,"13,140.00",1,,,
FLORIDA,State,1950,2771305.00,46.1,51.7,29,8,2,"346,413"
GEORGIA,State,1950,3444578.00,10.3,59.9,27,10,0,"344,458"
HAWAII,State,1950,499794.00,18.1,77.8,19,,,
IDAHO,State,1950,588637.00,12.1,7.1,46,2,0,"294,319"
ILLINOIS,State,1950,8712176.00,10.3,156.9,12,25,-1,"348,487"
INDIANA,State,1950,3934224.00,14.8,109.8,14,11,0,"357,657"
IOWA,State,1950,2621073.00,3.3,46.9,30,8,0,"327,634"
KANSAS,State,1950,1905299.00,5.8,23.3,39,6,0,"317,550"
KENTUCKY,State,1950,2944806.00,3.5,74.6,20,8,-1,"368,101"
LOUISIANA,State,1950,2683516.00,13.5,62.1,25,8,0,"335,440"
MAINE,State,1950,913774.00,7.9,29.6,37,3,0,"304,591"
MARYLAND,State,1950,2343001.00,28.6,241.4,8,7,1,"334,714"
MASSACHUSETTS,State,1950,4690514.00,8.7,601.3,5,14,0,"335,037"
MICHIGAN,State,1950,6371766.00,21.2,112.7,13,18,1,"353,987"
MINNESOTA,State,1950,2982483.00,6.8,37.5,33,9,0,"331,387"
MISSISSIPPI,State,1950,2178914.00,-0.2,46.4,31,6,-1,"363,152"
MISSOURI,State,1950,3954653.00,4.5,57.5,28,11,-2,"359,514"
MONTANA,State,1950,591024.00,5.6,4.1,49,2,0,"295,512"
NEBRASKA,State,1950,1325510.00,0.7,17.3,40,4,0,"331,378"
NEVADA,State,1950,160083.00,45.2,1.5,51,1,0,"160,083"
NEW HAMPSHIRE,State,1950,533242.00,8.5,59.6,26,2,0,"266,621"
NEW JERSEY,State,1950,4835329.00,16.2,657.5,4,14,0,"345,381"
NEW MEXICO,State,1950,681187.00,28.1,5.6,48,2,0,"340,594"
NEW YORK,State,1950,14830192.00,10,314.7,7,43,-2,"344,888"
NORTH CAROLINA,State,1950,4061929.00,13.7,83.5,17,12,0,"338,494"
NORTH DAKOTA,State,1950,619636.00,-3.5,9,43,2,0,"309,818"
OHIO,State,1950,7946627.00,15,194.5,10,23,0,"345,506"
OKLAHOMA,State,1950,2233351.00,-4.4,32.6,36,6,-2,"372,225"
OREGON,State,1950,1521341.00,39.6,15.8,41,4,0,"380,335"
PENNSYLVANIA,State,1950,10498012.00,6,234.6,9,30,-3,"349,934"
PUERTO RICO,State,1950,2210703.00,18.3,645.7,2,,,
RHODE ISLAND,State,1950,791896.00,11,766,3,2,0,"395,948"
SOUTH CAROLINA,State,1950,2117027.00,11.4,70.4,21,6,0,"352,838"
SOUTH DAKOTA,State,1950,652740.00,1.5,8.6,44,2,0,"326,370"
TENNESSEE,State,1950,3291718.00,12.9,79.8,18,9,-1,"365,746"
TEXAS,State,1950,7711194.00,20.2,29.5,38,22,1,"350,509"
UTAH,State,1950,688862.00,25.2,8.4,45,2,0,"344,431"
VERMONT,State,1950,377747.00,5.2,41,32,1,0,"377,747"
VIRGINIA,State,1950,3318680.00,23.9,84,16,10,1,"331,868"
WASHINGTON,State,1950,2378963.00,37,35.8,35,7,1,"339,852"
WEST VIRGINIA,State,1950,2005552.00,5.4,83.4,15,6,0,"334,259"
WISCONSIN,State,1950,3434575.00,9.5,63.4,23,10,0,"343,458"
WYOMING,State,1950,290529.00,15.9,3,50,1,0,"290,529"
MIDWEST REGION,Region,1950,44460762.00,10.8,,,,,
NORTHEAST REGION,Region,1950,39477986.00,9.7,,,,,
SOUTH REGION,Region,1950,47197088.00,13.3,,,,,
WEST REGION,Region,1950,20189962.00,40.4,,,,,
UNITED STATES,Nation,1950,151325798.00,14.5,42.6,,435,14,"344,587"
ALABAMA,State,1960,3266740.00,6.7,64.5,28,8,-1,"408,343"
ALASKA,State,1960,226167.00,75.8,0.4,52,1,1,"226,167"
ARIZONA,State,1960,1302161.00,73.7,11.5,43,3,1,"434,054"
ARKANSAS,State,1960,1786272.00,-6.5,34.3,36,4,-2,"446,568"
CALIFORNIA,State,1960,15717204.00,48.5,100.9,15,38,8,"413,611"
COLORADO,State,1960,1753947.00,32.4,16.9,42,4,0,"438,487"
CONNECTICUT,State,1960,2535234.00,26.3,523.6,6,6,0,"422,539"
DELAWARE,State,1960,446292.00,40.3,229,11,1,0,"446,292"
DISTRICT OF COLUMBIA,State,1960,763956.00,-4.8,"12,513.90",1,,,
FLORIDA,State,1960,4951560.00,78.7,92.3,19,12,4,"412,630"
GEORGIA,State,1960,3943116.00,14.5,68.6,26,10,0,"394,312"
HAWAII,State,1960,632772.00,26.6,98.5,17,2,2,"316,386"
IDAHO,State,1960,667191.00,13.3,8.1,47,2,0,"333,596"
ILLINOIS,State,1960,10081158.00,15.7,181.6,12,24,-1,"420,048"
INDIANA,State,1960,4662498.00,18.5,130.1,14,11,0,"423,863"
IOWA,State,1960,2757537.00,5.2,49.4,30,7,-1,"393,934"
KANSAS,State,1960,2178611.00,14.3,26.6,39,5,-1,"435,722"
KENTUCKY,State,1960,3038156.00,3.2,76.9,23,7,-1,"434,022"
LOUISIANA,State,1960,3257022.00,21.4,75.4,24,8,0,"407,128"
MAINE,State,1960,969265.00,6.1,31.4,38,2,-1,"484,633"
MARYLAND,State,1960,3100689.00,32.3,319.4,8,8,1,"387,586"
MASSACHUSETTS,State,1960,5148578.00,9.8,660.1,5,12,-2,"429,048"
MICHIGAN,State,1960,7823194.00,22.8,138.4,13,19,1,"411,747"
MINNESOTA,State,1960,3413864.00,14.5,42.9,32,8,-1,"426,733"
MISSISSIPPI,State,1960,2178141.00,0,46.4,31,5,-1,"435,628"
MISSOURI,State,1960,4319813.00,9.2,62.8,29,10,-1,"431,981"
MONTANA,State,1960,674767.00,14.2,4.6,49,2,0,"337,384"
NEBRASKA,State,1960,1411330.00,6.5,18.4,40,3,-1,"470,443"
NEVADA,State,1960,285278.00,78.2,2.6,51,1,0,"285,278"
NEW HAMPSHIRE,State,1960,606921.00,13.8,67.8,27,2,0,"303,461"
NEW JERSEY,State,1960,6066782.00,25.5,824.9,3,15,1,"404,452"
NEW MEXICO,State,1960,951023.00,39.6,7.8,48,2,0,"475,512"
NEW YORK,State,1960,16782304.00,13.2,356.1,7,41,-2,"409,324"
NORTH CAROLINA,State,1960,4556155.00,12.2,93.7,18,11,-1,"414,196"
NORTH DAKOTA,State,1960,632446.00,2.1,9.2,45,2,0,"316,223"
OHIO,State,1960,9706397.00,22.1,237.5,10,24,1,"404,433"
OKLAHOMA,State,1960,2328284.00,4.3,33.9,37,6,0,"388,047"
OREGON,State,1960,1768687.00,16.3,18.4,40,4,0,"442,172"
PENNSYLVANIA,State,1960,11319366.00,7.8,253,9,27,-3,"419,236"
PUERTO RICO,State,1960,2349544.00,6.3,686.2,4,,,
RHODE ISLAND,State,1960,859488.00,8.5,831.4,2,2,0,"429,744"
SOUTH CAROLINA,State,1960,2382594.00,12.5,79.3,21,6,0,"397,099"
SOUTH DAKOTA,State,1960,680514.00,4.3,9,46,2,0,"340,257"
TENNESSEE,State,1960,3567089.00,8.4,86.5,20,9,0,"396,343"
TEXAS,State,1960,9579677.00,24.2,36.7,35,23,1,"416,508"
UTAH,State,1960,890627.00,29.3,10.8,44,2,0,"445,314"
VERMONT,State,1960,389881.00,3.2,42.3,34,1,0,"389,881"
VIRGINIA,State,1960,3966949.00,19.5,100.5,16,10,0,"396,695"
WASHINGTON,State,1960,2853214.00,19.9,42.9,32,7,0,"407,602"
WEST VIRGINIA,State,1960,1860421.00,-7.2,77.4,22,5,-1,"372,084"
WISCONSIN,State,1960,3951777.00,15.1,73,25,10,0,"395,178"
WYOMING,State,1960,330066.00,13.6,3.4,50,1,0,"330,066"
MIDWEST REGION,Region,1960,51619139.00,16.1,,,,,
NORTHEAST REGION,Region,1960,44677819.00,13.2,,,,,
SOUTH REGION,Region,1960,54973113.00,16.5,,,,,
WEST REGION,Region,1960,28053104.00,38.9,,,,,
UNITED STATES,Nation,1960,179323175.00,18.5,50.6,,435,21,"410,481"
ALABAMA,State,1970,3444165.00,5.4,68,28,7,-1,"496,555"
ALASKA,State,1970,300382.00,32.8,0.5,52,1,0,"304,067"
ARIZONA,State,1970,1770900.00,36,15.6,43,4,1,"446,905"
ARKANSAS,State,1970,1923295.00,7.7,37,37,4,0,"485,576"
CALIFORNIA,State,1970,19953134.00,27,128.1,15,43,5,"467,415"
COLORADO,State,1970,2207259.00,25.8,21.3,41,5,1,"445,354"
CONNECTICUT,State,1970,3031709.00,19.6,626.1,6,6,0,"508,449"
DELAWARE,State,1970,548104.00,22.8,281.3,9,1,0,"551,928"
DISTRICT OF COLUMBIA,State,1970,756510.00,-1,"12,392.00",1,,,
FLORIDA,State,1970,6789443.00,37.1,126.6,16,15,3,"457,047"
GEORGIA,State,1970,4589575.00,16.4,79.8,26,10,0,"462,731"
HAWAII,State,1970,768561.00,21.5,119.7,17,2,0,"392,451"
IDAHO,State,1970,712567.00,6.8,8.6,47,2,0,"359,961"
ILLINOIS,State,1970,11113976.00,10.2,200.2,12,24,0,"466,013"
INDIANA,State,1970,5193669.00,11.4,145,14,11,0,"475,287"
IOWA,State,1970,2824376.00,2.4,50.6,31,6,-1,"474,487"
KANSAS,State,1970,2246578.00,3.1,27.5,39,5,0,"453,169"
KENTUCKY,State,1970,3218706.00,5.9,81.5,25,7,0,"463,783"
LOUISIANA,State,1970,3641306.00,11.8,84.3,22,8,0,"459,001"
MAINE,State,1970,992048.00,2.4,32.2,38,2,0,"503,160"
MARYLAND,State,1970,3922399.00,26.5,404.1,7,8,0,"494,212"
MASSACHUSETTS,State,1970,5689170.00,10.5,729.4,5,12,0,"477,223"
MICHIGAN,State,1970,8875083.00,13.4,157,13,19,0,"470,379"
MINNESOTA,State,1970,3804971.00,11.5,47.8,33,8,0,"479,147"
MISSISSIPPI,State,1970,2216912.00,1.8,47.2,34,5,0,"446,770"
MISSOURI,State,1970,4676501.00,8.3,68,28,10,0,"471,803"
MONTANA,State,1970,694409.00,2.9,4.8,49,2,0,"350,787"
NEBRASKA,State,1970,1483493.00,5.1,19.3,42,3,0,"498,940"
NEVADA,State,1970,488738.00,71.3,4.5,50,1,0,"492,396"
NEW HAMPSHIRE,State,1970,737681.00,21.5,82.4,23,2,0,"373,142"
NEW JERSEY,State,1970,7168164.00,18.2,974.7,2,15,0,"480,536"
NEW MEXICO,State,1970,1016000.00,6.8,8.4,48,2,0,"513,332"
NEW YORK,State,1970,18236967.00,8.7,387,8,39,-2,"470,207"
NORTH CAROLINA,State,1970,5082059.00,11.5,104.5,19,11,0,"465,930"
NORTH DAKOTA,State,1970,617761.00,-2.3,9,45,1,-1,"624,181"
OHIO,State,1970,10652017.00,9.7,260.7,11,23,-1,"466,530"
OKLAHOMA,State,1970,2559229.00,9.9,37.3,36,6,0,"430,914"
OREGON,State,1970,2091385.00,18.2,21.8,40,4,0,"527,703"
PENNSYLVANIA,State,1970,11793909.00,4.2,263.6,10,25,-2,"475,373"
PUERTO RICO,State,1970,2712033.00,15.4,792.1,4,,,
RHODE ISLAND,State,1970,946725.00,10.1,915.8,3,2,0,"478,899"
SOUTH CAROLINA,State,1970,2590516.00,8.7,86.2,21,6,0,"436,220"
SOUTH DAKOTA,State,1970,665507.00,-2.2,8.8,46,2,0,"336,624"
TENNESSEE,State,1970,3923687.00,10,95.2,20,8,-1,"495,133"
TEXAS,State,1970,11196730.00,16.9,42.9,35,24,1,"470,783"
UTAH,State,1970,1059273.00,18.9,12.9,44,2,0,"533,905"
VERMONT,State,1970,444330.00,14,48.2,32,1,0,"448,327"
VIRGINIA,State,1970,4648494.00,17.2,117.7,18,10,0,"469,074"
WASHINGTON,State,1970,3409169.00,19.5,51.3,30,7,0,"491,927"
WEST VIRGINIA,State,1970,1744237.00,-6.2,72.6,27,4,-1,"440,833"
WISCONSIN,State,1970,4417731.00,11.8,81.6,24,9,-1,"494,113"
WYOMING,State,1970,332416.00,0.7,3.4,51,1,0,"335,719"
MIDWEST REGION,Region,1970,56571663.00,9.6,,,,,
NORTHEAST REGION,Region,1970,49040703.00,9.8,,,,,
SOUTH REGION,Region,1970,62795367.00,14.2,,,,,
WEST REGION,Region,1970,34804193.00,24.1,,,,,
UNITED STATES,Nation,1970,203211926.00,13.3,57.5,,435,11,"469,088"
ALABAMA,State,1980,3893888.00,13.1,76.9,28,7,0,"555,723"
ALASKA,State,1980,401851.00,33.8,0.7,52,1,0,"400,481"
ARIZONA,State,1980,2718215.00,53.5,23.9,42,5,1,"543,573"
ARKANSAS,State,1980,2286435.00,18.9,43.9,37,4,0,"571,378"
CALIFORNIA,State,1980,23667902.00,18.6,151.9,16,45,2,"525,968"
COLORADO,State,1980,2889964.00,30.9,27.9,40,6,1,"481,472"
CONNECTICUT,State,1980,3107576.00,2.5,641.7,6,6,0,"517,929"
DELAWARE,State,1980,594338.00,8.4,305,9,1,0,"595,225"
DISTRICT OF COLUMBIA,State,1980,638333.00,-15.6,"10,456.20",1,,,
FLORIDA,State,1980,9746324.00,43.6,181.8,13,19,4,"512,631"
GEORGIA,State,1980,5463105.00,19,95,24,10,0,"546,427"
HAWAII,State,1980,964691.00,25.5,150.2,17,2,0,"482,500"
IDAHO,State,1980,943935.00,32.5,11.4,45,2,0,"471,968"
ILLINOIS,State,1980,11426518.00,2.8,205.8,12,22,-2,"519,021"
INDIANA,State,1980,5490224.00,5.7,153.2,15,10,-1,"549,018"
IOWA,State,1980,2913808.00,3.2,52.2,34,6,0,"485,565"
KANSAS,State,1980,2363679.00,5.2,28.9,39,5,0,"472,642"
KENTUCKY,State,1980,3660777.00,13.7,92.7,25,7,0,"523,062"
LOUISIANA,State,1980,4205900.00,15.5,97.3,23,8,0,"525,497"
MAINE,State,1980,1124660.00,13.4,36.5,38,2,0,"562,330"
MARYLAND,State,1980,4216975.00,7.5,434.4,7,8,0,"527,056"
MASSACHUSETTS,State,1980,5737037.00,0.8,735.5,5,11,-1,"521,549"
MICHIGAN,State,1980,9262078.00,4.4,163.8,14,18,-1,"514,352"
MINNESOTA,State,1980,4075970.00,7.1,51.2,35,8,0,"509,644"
MISSISSIPPI,State,1980,2520638.00,13.7,53.7,33,5,0,"504,128"
MISSOURI,State,1980,4916686.00,5.1,71.5,29,9,-1,"546,383"
MONTANA,State,1980,786690.00,13.3,5.4,50,2,0,"393,345"
NEBRASKA,State,1980,1569825.00,5.8,20.4,43,3,0,"523,335"
NEVADA,State,1980,800493.00,63.8,7.3,49,2,1,"399,592"
NEW HAMPSHIRE,State,1980,920610.00,24.8,102.8,22,2,0,"460,305"
NEW JERSEY,State,1980,7364823.00,2.7,"1,001.40",2,14,-1,"526,011"
NEW MEXICO,State,1980,1302894.00,28.2,10.7,46,3,1,"433,323"
NEW YORK,State,1980,17558072.00,-3.7,372.6,8,34,-5,"516,391"
NORTH CAROLINA,State,1980,5881766.00,15.7,121,19,11,0,"534,039"
NORTH DAKOTA,State,1980,652717.00,5.7,9.5,47,1,0,"652,695"
OHIO,State,1980,10797630.00,1.4,264.3,11,21,-2,"514,163"
OKLAHOMA,State,1980,3025290.00,18.2,44.1,36,6,0,"504,211"
OREGON,State,1980,2633105.00,25.9,27.4,41,5,1,"526,533"
PENNSYLVANIA,State,1980,11863895.00,0.6,265.2,10,23,-2,"515,945"
PUERTO RICO,State,1980,3196520.00,17.9,933.6,3,,,
RHODE ISLAND,State,1980,947154.00,0,916.2,4,2,0,"473,577"
SOUTH CAROLINA,State,1980,3121820.00,20.5,103.9,21,6,0,"519,868"
SOUTH DAKOTA,State,1980,690768.00,3.8,9.1,48,1,-1,"690,178"
TENNESSEE,State,1980,4591120.00,17,111.3,20,9,1,"510,083"
TEXAS,State,1980,14229191.00,27.1,54.5,32,27,3,"526,977"
UTAH,State,1980,1461037.00,37.9,17.8,44,3,1,"487,012"
VERMONT,State,1980,511456.00,15.1,55.5,31,1,0,"511,456"
VIRGINIA,State,1980,5346818.00,15,135.4,18,10,0,"534,628"
WASHINGTON,State,1980,4132156.00,21.2,62.2,30,8,1,"516,270"
WEST VIRGINIA,State,1980,1949644.00,11.8,81.1,27,4,0,"487,411"
WISCONSIN,State,1980,4705767.00,6.5,86.9,26,9,0,"522,815"
WYOMING,State,1980,469557.00,41.3,4.8,51,1,0,"470,816"
MIDWEST REGION,Region,1980,58865670.00,4.1,,,,,
NORTHEAST REGION,Region,1980,49135283.00,0.2,,,,,
SOUTH REGION,Region,1980,75372362.00,20,,,,,
WEST REGION,Region,1980,43172490.00,24,,,,,
UNITED STATES,Nation,1980,226545805.00,11.5,64.1,,435,17,"519,235"
ALABAMA,State,1990,4040587.00,3.8,79.8,27,7,0,"580,373"
ALASKA,State,1990,550043.00,36.9,1,52,1,0,"551,947"
ARIZONA,State,1990,3665228.00,34.8,32.3,39,6,1,"612,998"
ARKANSAS,State,1990,2350725.00,2.8,45.2,37,4,0,"590,560"
CALIFORNIA,State,1990,29760021.00,25.7,191,14,52,7,"573,832"
COLORADO,State,1990,3294394.00,14,31.8,40,6,0,"551,319"
CONNECTICUT,State,1990,3287116.00,5.8,678.8,6,6,0,"549,278"
DELAWARE,State,1990,666168.00,12.1,341.9,9,1,0,"668,696"
DISTRICT OF COLUMBIA,State,1990,606900.00,-4.9,"9,941.30",1,,,
FLORIDA,State,1990,12937926.00,32.7,241.3,12,23,4,"565,364"
GEORGIA,State,1990,6478216.00,18.6,112.6,23,11,1,"591,674"
HAWAII,State,1990,1108229.00,14.9,172.6,15,2,0,"557,637"
IDAHO,State,1990,1006749.00,6.7,12.2,46,2,0,"505,993"
ILLINOIS,State,1990,11430602.00,0,205.9,13,20,-2,"573,334"
INDIANA,State,1990,5544159.00,1,154.8,18,10,0,"556,423"
IOWA,State,1990,2776755.00,-4.7,49.7,35,5,-1,"557,485"
KANSAS,State,1990,2477574.00,4.8,30.3,41,4,-1,"621,400"
KENTUCKY,State,1990,3685296.00,0.7,93.3,25,6,-1,"616,495"
LOUISIANA,State,1990,4219973.00,0.3,97.7,24,7,-1,"605,459"
MAINE,State,1990,1227928.00,9.2,39.8,38,2,0,"616,612"
MARYLAND,State,1990,4781468.00,13.4,492.6,7,8,0,"599,828"
MASSACHUSETTS,State,1990,6016425.00,4.9,771.3,5,10,-1,"602,905"
MICHIGAN,State,1990,9295297.00,0.4,164.4,16,16,-2,"583,049"
MINNESOTA,State,1990,4375099.00,7.3,54.9,33,8,0,"548,379"
MISSISSIPPI,State,1990,2573216.00,2.1,54.8,34,5,0,"517,289"
MISSOURI,State,1990,5117073.00,4.1,74.4,29,9,0,"570,867"
MONTANA,State,1990,799065.00,1.6,5.5,50,1,-1,"803,655"
NEBRASKA,State,1990,1578385.00,0.5,20.5,44,3,0,"528,206"
NEVADA,State,1990,1201833.00,50.1,10.9,47,2,0,"603,076"
NEW HAMPSHIRE,State,1990,1109252.00,20.5,123.9,20,2,0,"556,958"
NEW JERSEY,State,1990,7730188.00,5,"1,051.10",2,13,-1,"596,049"
NEW MEXICO,State,1990,1515069.00,16.3,12.5,45,3,0,"507,260"
NEW YORK,State,1990,17990455.00,2.5,381.7,8,31,-3,"582,081"
NORTH CAROLINA,State,1990,6628637.00,12.7,136.3,19,12,1,"554,803"
NORTH DAKOTA,State,1990,638800.00,-2.1,9.3,48,1,0,"641,364"
OHIO,State,1990,10847115.00,0.5,265.5,11,19,-2,"573,017"
OKLAHOMA,State,1990,3145585.00,4,45.9,36,6,0,"526,267"
OREGON,State,1990,2842321.00,7.9,29.6,42,5,0,"570,747"
PENNSYLVANIA,State,1990,11881643.00,0.1,265.6,10,21,-2,"567,843"
PUERTO RICO,State,1990,3522037.00,10.2,"1,028.70",3,,,
RHODE ISLAND,State,1990,1003464.00,5.9,970.6,4,2,0,"502,992"
SOUTH CAROLINA,State,1990,3486703.00,11.7,116,22,6,0,"584,285"
SOUTH DAKOTA,State,1990,696004.00,0.8,9.2,49,1,0,"699,999"
TENNESSEE,State,1990,4877185.00,6.2,118.3,21,9,0,"544,071"
TEXAS,State,1990,16986510.00,19.4,65,31,30,3,"568,660"
UTAH,State,1990,1722850.00,17.9,21,43,3,0,"575,928"
VERMONT,State,1990,562758.00,10,61.1,32,1,0,"564,964"
VIRGINIA,State,1990,6187358.00,15.7,156.7,17,11,1,"565,143"
WASHINGTON,State,1990,4866692.00,17.8,73.2,30,9,1,"543,105"
WEST VIRGINIA,State,1990,1793477.00,-8,74.6,28,3,-1,"600,542"
WISCONSIN,State,1990,4891769.00,4,90.3,26,9,0,"545,194"
WYOMING,State,1990,453588.00,-3.4,4.7,51,1,0,"455,975"
MIDWEST REGION,Region,1990,59668632.00,1.4,,,,,
NORTHEAST REGION,Region,1990,50809229.00,3.4,,,,,
SOUTH REGION,Region,1990,85445930.00,13.4,,,,,
WEST REGION,Region,1990,52786082.00,22.3,,,,,
UNITED STATES,Nation,1990,248709873.00,9.8,70.4,,435,19,"572,466"
ALABAMA,State,2000,4447100.00,10.1,87.8,28,7,0,"637,304"
ALASKA,State,2000,626932.00,14,1.1,52,1,0,"628,933"
ARIZONA,State,2000,5130632.00,40,45.2,38,8,2,"642,585"
ARKANSAS,State,2000,2673400.00,13.7,51.4,36,4,0,"669,933"
CALIFORNIA,State,2000,33871648.00,13.8,217.4,14,53,1,"640,204"
COLORADO,State,2000,4301261.00,30.6,41.5,39,7,1,"615,983"
CONNECTICUT,State,2000,3405565.00,3.6,703.3,6,5,-1,"681,907"
DELAWARE,State,2000,783600.00,17.6,402.1,9,1,0,"785,068"
DISTRICT OF COLUMBIA,State,2000,572059.00,-5.7,"9,370.60",1,,,
FLORIDA,State,2000,15982378.00,23.5,298,10,25,2,"641,156"
GEORGIA,State,2000,8186453.00,26.4,142.3,20,13,2,"631,306"
HAWAII,State,2000,1211537.00,9.3,188.6,15,2,0,"608,321"
IDAHO,State,2000,1293953.00,28.5,15.7,46,2,0,"648,637"
ILLINOIS,State,2000,12419293.00,8.6,223.7,13,19,-1,"654,686"
INDIANA,State,2000,6080485.00,9.7,169.7,18,9,-1,"676,754"
IOWA,State,2000,2926324.00,5.4,52.4,35,5,0,"586,385"
KANSAS,State,2000,2688418.00,8.5,32.9,42,4,0,"673,456"
KENTUCKY,State,2000,4041769.00,9.7,102.4,25,6,0,"674,905"
LOUISIANA,State,2000,4468976.00,5.9,103.4,24,7,0,"640,039"
MAINE,State,2000,1274923.00,3.8,41.3,40,2,0,"638,866"
MARYLAND,State,2000,5296486.00,10.8,545.6,7,8,0,"663,486"
MASSACHUSETTS,State,2000,6349097.00,5.5,814,5,10,0,"635,557"
MICHIGAN,State,2000,9938444.00,6.9,175.8,17,15,-1,"663,722"
MINNESOTA,State,2000,4919479.00,12.4,61.8,33,8,0,"615,709"
MISSISSIPPI,State,2000,2844658.00,10.5,60.6,34,4,-1,"713,232"
MISSOURI,State,2000,5595211.00,9.3,81.4,29,9,0,"622,918"
MONTANA,State,2000,902195.00,12.9,6.2,50,1,0,"905,316"
NEBRASKA,State,2000,1711263.00,8.4,22.3,44,3,0,"571,790"
NEVADA,State,2000,1998257.00,66.3,18.2,45,3,1,"667,344"
NEW HAMPSHIRE,State,2000,1235786.00,11.4,138,22,2,0,"619,208"
NEW JERSEY,State,2000,8414350.00,8.9,"1,144.20",2,13,0,"648,027"
NEW MEXICO,State,2000,1819046.00,20.1,15,47,3,0,"607,940"
NEW YORK,State,2000,18976457.00,5.5,402.7,8,29,-2,"655,344"
NORTH CAROLINA,State,2000,8049313.00,21.4,165.6,19,13,1,"620,590"
NORTH DAKOTA,State,2000,642200.00,0.5,9.3,49,1,0,"643,756"
OHIO,State,2000,11353140.00,4.7,277.8,11,18,-1,"631,919"
OKLAHOMA,State,2000,3450654.00,9.7,50.3,37,5,-1,"691,764"
OREGON,State,2000,3421399.00,20.4,35.6,41,5,0,"685,709"
PENNSYLVANIA,State,2000,12281054.00,3.4,274.5,12,19,-2,"647,404"
PUERTO RICO,State,2000,3808610.00,8.1,"1,112.40",3,,,
RHODE ISLAND,State,2000,1048319.00,4.5,"1,014.00",4,2,0,"524,831"
SOUTH CAROLINA,State,2000,4012012.00,15.1,133.5,23,6,0,"670,844"
SOUTH DAKOTA,State,2000,754844.00,8.5,10,48,1,0,"756,874"
TENNESSEE,State,2000,5689283.00,16.7,138,21,9,0,"633,337"
TEXAS,State,2000,20851820.00,22.8,79.8,30,32,2,"653,250"
UTAH,State,2000,2233169.00,29.6,27.2,43,3,0,"745,571"
VERMONT,State,2000,608827.00,8.2,66.1,32,1,0,"609,890"
VIRGINIA,State,2000,7078515.00,14.4,179.2,16,11,0,"645,518"
WASHINGTON,State,2000,5894121.00,21.1,88.7,27,9,0,"656,520"
WEST VIRGINIA,State,2000,1808344.00,0.8,75.2,31,3,0,"604,359"
WISCONSIN,State,2000,5363675.00,9.6,99,26,8,-1,"671,401"
WYOMING,State,2000,493782.00,8.9,5.1,51,1,0,"495,304"
MIDWEST REGION,Region,2000,64392776.00,7.9,,,,,
NORTHEAST REGION,Region,2000,53594378.00,5.5,,,,,
SOUTH REGION,Region,2000,100236820.00,17.3,,,,,
WEST REGION,Region,2000,63197932.00,19.7,,,,,
UNITED STATES,Nation,2000,281421906.00,13.2,79.7,,435,12,"646,952"
ALABAMA,State,2010,4779736.00,7.5,94.4,29,7,0,"686,140"
ALASKA,State,2010,710231.00,13.3,1.2,52,1,0,"721,523"
ARIZONA,State,2010,6392017.00,24.6,56.3,35,9,1,"712,522"
ARKANSAS,State,2010,2915918.00,9.1,56,36,4,0,"731,557"
CALIFORNIA,State,2010,37253956.00,10,239.1,13,53,0,"704,566"
COLORADO,State,2010,5029196.00,16.9,48.5,39,7,0,"720,704"
CONNECTICUT,State,2010,3574097.00,4.9,738.1,6,5,0,"716,326"
DELAWARE,State,2010,897934.00,14.6,460.8,8,1,0,"900,877"
DISTRICT OF COLUMBIA,State,2010,601723.00,5.2,"9,856.50",1,,,
FLORIDA,State,2010,18801310.00,17.6,350.6,10,27,2,"700,029"
GEORGIA,State,2010,9687653.00,18.3,168.4,20,14,1,"694,826"
HAWAII,State,2010,1360301.00,12.3,211.8,15,2,0,"683,431"
IDAHO,State,2010,1567582.00,21.1,19,46,2,0,"786,750"
ILLINOIS,State,2010,12830632.00,3.3,231.1,14,18,-1,"714,688"
INDIANA,State,2010,6483802.00,6.6,181,18,9,0,"722,398"
IOWA,State,2010,3046355.00,4.1,54.5,38,4,-1,"763,447"
KANSAS,State,2010,2853118.00,6.1,34.9,42,4,0,"715,953"
KENTUCKY,State,2010,4339367.00,7.4,109.9,24,6,0,"725,101"
LOUISIANA,State,2010,4533372.00,1.4,104.9,26,6,-1,"758,994"
MAINE,State,2010,1328361.00,4.2,43.1,40,2,0,"666,537"
MARYLAND,State,2010,5773552.00,9,594.8,7,8,0,"723,741"
MASSACHUSETTS,State,2010,6547629.00,3.1,839.4,5,9,-1,"728,849"
MICHIGAN,State,2010,9883640.00,-0.6,174.8,19,14,-1,"707,973"
MINNESOTA,State,2010,5303925.00,7.8,66.6,33,8,0,"664,360"
MISSISSIPPI,State,2010,2967297.00,4.3,63.2,34,4,0,"744,560"
MISSOURI,State,2010,5988927.00,7,87.1,30,8,-1,"751,435"
MONTANA,State,2010,989415.00,9.7,6.8,50,1,0,"994,416"
NEBRASKA,State,2010,1826341.00,6.7,23.8,45,3,0,"610,608"
NEVADA,State,2010,2700551.00,35.1,24.6,44,4,1,"677,358"
NEW HAMPSHIRE,State,2010,1316470.00,6.5,147,23,2,0,"660,723"
NEW JERSEY,State,2010,8791894.00,4.5,"1,195.50",2,12,-1,"733,958"
NEW MEXICO,State,2010,2059179.00,13.2,17,47,3,0,"689,091"
NEW YORK,State,2010,19378102.00,2.1,411.2,9,27,-2,"719,298"
NORTH CAROLINA,State,2010,9535483.00,18.5,196.1,17,13,0,"735,829"
NORTH DAKOTA,State,2010,672591.00,4.7,9.7,49,1,0,"675,905"
OHIO,State,2010,11536504.00,1.6,282.3,12,16,-2,"723,031"
OKLAHOMA,State,2010,3751351.00,8.7,54.7,37,5,0,"752,976"
OREGON,State,2010,3831074.00,12,39.9,41,5,0,"769,721"
PENNSYLVANIA,State,2010,12702379.00,3.4,283.9,11,18,-1,"707,495"
PUERTO RICO,State,2010,3725789.00,-2.2,"1,088.20",3,,,
RHODE ISLAND,State,2010,1052567.00,0.4,"1,018.10",4,2,0,"527,624"
SOUTH CAROLINA,State,2010,4625364.00,15.3,153.9,22,7,1,"663,711"
SOUTH DAKOTA,State,2010,814180.00,7.9,10.7,48,1,0,"819,761"
TENNESSEE,State,2010,6346105.00,11.5,153.9,21,9,0,"708,381"
TEXAS,State,2010,25145561.00,20.6,96.3,28,36,4,"701,901"
UTAH,State,2010,2763885.00,23.8,33.6,43,4,1,"692,691"
VERMONT,State,2010,625741.00,2.8,67.9,32,1,0,"630,337"
VIRGINIA,State,2010,8001024.00,13,202.6,16,11,0,"730,703"
WASHINGTON,State,2010,6724540.00,14.1,101.2,27,10,1,"675,337"
WEST VIRGINIA,State,2010,1852994.00,2.5,77.1,31,3,0,"619,938"
WISCONSIN,State,2010,5686986.00,6,105,25,8,0,"712,279"
WYOMING,State,2010,563626.00,14.1,5.8,51,1,0,"568,300"
MIDWEST REGION,Region,2010,66927001.00,3.9,,,,,
NORTHEAST REGION,Region,2010,55317240.00,3.2,,,,,
SOUTH REGION,Region,2010,114555744.00,14.3,,,,,
WEST REGION,Region,2010,71945553.00,13.8,,,,,
UNITED STATES,Nation,2010,308745538.00,9.7,87.4,,435,12,"710,767"
ALABAMA,State,2020,5024279.00,5.1,99.2,29,7,0,"718,579"
ALASKA,State,2020,733391.00,3.3,1.3,52,1,0,"736,081"
ARIZONA,State,2020,7151502.00,11.9,62.9,35,9,0,"795,436"
ARKANSAS,State,2020,3011524.00,3.3,57.9,36,4,0,"753,439"
CALIFORNIA,State,2020,39538223.00,6.1,253.7,13,52,-1,"761,091"
COLORADO,State,2020,5773714.00,14.8,55.7,39,8,1,"722,771"
CONNECTICUT,State,2020,3605944.00,0.9,744.7,6,5,0,"721,660"
DELAWARE,State,2020,989948.00,10.2,508,8,1,0,"990,837"
DISTRICT OF COLUMBIA,State,2020,689545.00,14.6,"11,280.00",1,,,
FLORIDA,State,2020,21538187.00,14.6,401.4,10,28,1,"770,376"
GEORGIA,State,2020,10711908.00,10.6,185.6,19,14,0,"766,091"
HAWAII,State,2020,1455271.00,7,226.6,15,2,0,"730,069"
IDAHO,State,2020,1839106.00,17.3,22.3,46,2,0,"920,689"
ILLINOIS,State,2020,12812508.00,-0.1,230.8,14,17,-1,"754,279"
INDIANA,State,2020,6785528.00,4.7,189.4,18,9,0,"754,476"
IOWA,State,2020,3190369.00,4.7,57.1,38,4,0,"798,102"
KANSAS,State,2020,2937880.00,3,35.9,43,4,0,"735,216"
KENTUCKY,State,2020,4505836.00,3.8,114.1,25,6,0,"751,557"
LOUISIANA,State,2020,4657757.00,2.7,107.8,28,6,0,"776,911"
MAINE,State,2020,1362359.00,2.6,44.2,40,2,0,"681,791"
MARYLAND,State,2020,6177224.00,7,636.1,7,8,0,"773,160"
MASSACHUSETTS,State,2020,7029917.00,7.4,901.2,5,9,0,"781,497"
MICHIGAN,State,2020,10077331.00,2,178,20,13,-1,"775,726"
MINNESOTA,State,2020,5706494.00,7.6,71.7,32,8,0,"713,719"
MISSISSIPPI,State,2020,2961279.00,-0.2,63.1,34,4,0,"740,979"
MISSOURI,State,2020,6154913.00,2.8,89.5,30,8,0,"770,035"
MONTANA,State,2020,1084225.00,9.6,7.4,50,2,1,"542,704"
NEBRASKA,State,2020,1961504.00,7.4,25.5,45,3,0,"654,444"
NEVADA,State,2020,3104614.00,15,28.3,44,4,0,"777,116"
NEW HAMPSHIRE,State,2020,1377529.00,4.6,153.8,23,2,0,"689,545"
NEW JERSEY,State,2020,9288994.00,5.7,"1,263.00",2,12,0,"774,541"
NEW MEXICO,State,2020,2117522.00,2.8,17.5,47,3,0,"706,740"
NEW YORK,State,2020,20201249.00,4.2,428.7,9,26,-1,"777,529"
NORTH CAROLINA,State,2020,10439388.00,9.5,214.7,17,14,1,"746,711"
NORTH DAKOTA,State,2020,779094.00,15.8,11.3,49,1,0,"779,702"
OHIO,State,2020,11799448.00,2.3,288.8,12,15,-1,"787,257"
OKLAHOMA,State,2020,3959353.00,5.5,57.7,37,5,0,"792,703"
OREGON,State,2020,4237256.00,10.6,44.1,41,6,1,"706,917"
PENNSYLVANIA,State,2020,13002700.00,2.4,290.6,11,17,-1,"765,403"
PUERTO RICO,State,2020,3285874.00,-11.8,959.6,4,,,
RHODE ISLAND,State,2020,1097379.00,4.3,"1,061.40",3,2,0,"549,082"
SOUTH CAROLINA,State,2020,5118425.00,10.7,170.2,21,7,0,"732,102"
SOUTH DAKOTA,State,2020,886667.00,8.9,11.7,48,1,0,"887,770"
TENNESSEE,State,2020,6910840.00,8.9,167.6,22,9,0,"768,544"
TEXAS,State,2020,29145505.00,15.9,111.6,26,38,2,"767,981"
UTAH,State,2020,3271616.00,18.4,39.7,42,4,0,"818,813"
VERMONT,State,2020,643077.00,2.8,69.8,33,1,0,"643,503"
VIRGINIA,State,2020,8631393.00,7.9,218.6,16,11,0,"786,777"
WASHINGTON,State,2020,7705281.00,14.6,115.9,24,10,0,"771,595"
WEST VIRGINIA,State,2020,1793716.00,-3.2,74.6,31,2,-1,"897,523"
WISCONSIN,State,2020,5893718.00,3.6,108.8,27,8,0,"737,184"
WYOMING,State,2020,576851.00,2.3,5.9,51,1,0,"577,719"
MIDWEST REGION,Region,2020,68985454.00,3.1,,,,,
NORTHEAST REGION,Region,2020,57609148.00,4.1,,,,,
SOUTH REGION,Region,2020,126266107.00,10.2,,,,,
WEST REGION,Region,2020,78588572.00,9.2,,,,,
UNITED STATES,Nation,2020,331449281.00,7.4,93.8,,435,7,"761,169"